step,epoch,train_loss,smoothed_train_loss,val_loss,learning_rate,grad_norm
1,1,0.6796875,0.6796875,,0.00016666666666666666,44.06402587890625
2,1,6.03125,3.35546875,,0.00025,26.58723258972168
3,1,2.140625,2.9505208333333335,,0.0003333333333333333,19.34568977355957
4,1,3.109375,2.990234375,,0.0004166666666666667,22.393726348876953
5,1,2.109375,2.8140625,,0.0005,19.53568458557129
6,1,1.0546875,2.5208333333333335,,0.0005,20.114999771118164
7,1,1.1796875,2.3292410714285716,,0.000499967220916408,21.36421775817871
8,1,0.85546875,2.14501953125,,0.0004998688922613788,22.67556381225586
9,1,1.2578125,2.0464409722222223,,0.0004997050398198976,17.512922286987305
10,1,1.140625,1.955859375,,0.0004994757065594279,20.25532341003418
11,1,0.8203125,1.969921875,,0.0004991809526186424,21.998937606811523
12,1,0.8828125,1.455078125,,0.0004988208552916534,26.46965789794922
13,1,0.890625,1.330078125,,0.0004983955090077445,16.953317642211914
14,1,0.8046875,1.099609375,,0.0004979050253066063,18.16190528869629
15,1,0.73046875,0.96171875,,0.000497349532809089,17.434810638427734
16,1,0.365234375,0.8927734375,,0.0004967291771834727,11.612367630004883
17,1,0.9765625,0.8724609375,,0.0004960441211072686,14.18981647491455
18,1,0.67578125,0.8544921875,,0.0004952945442245598,23.062746047973633
19,1,0.80859375,0.8095703125,,0.0004944806430988927,20.049774169921875
20,1,0.921875,0.7876953125,0.6572265625,0.0004936026311617315,21.318586349487305
21,1,0.8125,0.7869140625,,0.0004926607386564898,12.673487663269043
22,1,0.5234375,0.7509765625,,0.0004916552125781528,19.439382553100586
23,1,0.859375,0.7478515625,,0.0004905863166085076,16.03306770324707
24,1,0.609375,0.7283203125,,0.0004894543310469967,24.1669864654541
25,1,0.578125,0.7130859375,,0.0004882595527372152,20.042566299438477
26,1,0.353515625,0.7119140625,,0.0004870022949890676,21.03904914855957
27,1,0.322265625,0.646484375,,0.00048568288749660857,22.165773391723633
28,1,0.53125,0.63203125,,0.00048430167625158595,23.420265197753906
29,1,0.796875,0.630859375,,0.0004828590234527106,18.816116333007812
30,1,0.60546875,0.59921875,,0.00048135530741067606,24.171300888061523
31,1,0.73046875,0.591015625,,0.00047979092244895306,23.54527473449707
32,1,0.96484375,0.63515625,,0.00047816627880038504,26.227285385131836
33,1,0.7109375,0.6203125,,0.0004764818024996117,21.90797233581543
34,1,0.68359375,0.627734375,,0.00047473793527134884,26.036670684814453
35,1,0.71875,0.641796875,,0.0004729351344145536,19.166902542114258
36,1,0.7265625,0.6791015625,,0.0004710738726825059,24.537607192993164
37,1,0.47265625,0.694140625,,0.000469154638158837,22.435224533081055
38,1,0.875,0.728515625,,0.0004671779341295378,18.416635513305664
39,1,0.546875,0.703515625,,0.0004651442789509813,23.28826141357422
40,1,0.63671875,0.706640625,0.5712890625,0.0004630542059139923,20.65036964416504
41,1,0.5703125,0.690625,,0.00046090826310400115,19.903968811035156
42,1,0.56640625,0.65078125,,0.0004587070132573178,21.538129806518555
43,1,0.58203125,0.637890625,,0.0004564510336135641,23.90221405029297
44,1,0.46875,0.61640625,,0.0004541409157643027,21.89965057373047
45,1,0.83984375,0.628515625,,0.0004517772654979023,25.92125129699707
46,1,0.62109375,0.61796875,,0.00044936070264068017,23.035356521606445
47,1,0.5078125,0.621484375,,0.0004468918608943636,22.651790618896484
48,1,0.5625,0.590234375,,0.0004443713876699124,19.523908615112305
49,2,0.515625,0.587109375,,0.0004417999439177465,26.03426742553711
50,2,0.52734375,0.576171875,,0.0004391782039544238,26.035831451416016
51,2,0.326171875,0.5517578125,,0.00043650685528581155,23.271976470947266
52,2,0.345703125,0.5296875,,0.0004337865984268001,22.777389526367188
53,2,0.34375,0.505859375,,0.00043101814671760543,19.907421112060547
54,2,0.3515625,0.494140625,,0.0004282022261367073,20.524763107299805
55,2,0.3515625,0.4453125,,0.0004253395751104748,18.151580810546875
56,2,0.455078125,0.4287109375,,0.0004224309443195261,25.161914825439453
57,2,0.296875,0.4076171875,,0.0004194770965018758,22.27095603942871
58,2,0.5390625,0.4052734375,,0.0004164788062529203,18.522302627563477
59,2,0.73046875,0.4267578125,,0.00041343685982231316,23.914623260498047
60,2,0.671875,0.4412109375,0.4873046875,0.000410352054907785,25.910518646240234
61,2,0.490234375,0.4576171875,,0.00040722520044596114,20.645490646362305
62,2,0.55859375,0.47890625,,0.00040405711640023183,23.524328231811523
63,2,0.4921875,0.49375,,0.0004008486335457312,25.775556564331055
64,2,0.341796875,0.4927734375,,0.00039760059325148067,21.14303207397461
65,2,0.349609375,0.492578125,,0.0003943138472597549,23.023706436157227
66,2,0.255859375,0.47265625,,0.0003909892574627266,21.270906448364258
67,2,0.298828125,0.4728515625,,0.0003876276956764509,21.3974666595459
68,2,0.3515625,0.4541015625,,0.00038423004341224597,24.773529052734375
69,2,0.294921875,0.410546875,,0.0003807971916455325,20.27357292175293
70,2,0.318359375,0.3751953125,,0.00037733004058219076,26.151201248168945
71,2,0.318359375,0.3580078125,,0.00037382949942249696,24.643627166748047
72,2,0.25390625,0.3275390625,,0.0003702964861227013,25.0197811126709
73,2,0.2294921875,0.30126953125,,0.00036673192715431016,20.14573097229004
74,2,0.376953125,0.30478515625,,0.0003631367572611348,23.769060134887695
75,2,0.302734375,0.30009765625,,0.00035951191921417057,25.021268844604492
76,2,0.279296875,0.30244140625,,0.00035585836356437264,24.1435604095459
77,2,0.349609375,0.30751953125,,0.0003521770483933891,26.023351669311523
78,2,0.248046875,0.29716796875,,0.0003484689390623218,18.515714645385742
79,2,0.34375,0.30205078125,,0.0003447350079585767,25.772035598754883
80,2,0.263671875,0.29658203125,0.24332682291666666,0.0003409762342408719,17.765727996826172
81,2,0.2490234375,0.2896484375,,0.0003371936035824705,21.893028259277344
82,2,0.302734375,0.29453125,,0.0003333881079127052,22.650903701782227
83,2,0.1572265625,0.2873046875,,0.00032956074515686103,22.143972396850586
84,2,0.21484375,0.27109375,,0.00032571251897448765,23.14286231994629
85,2,0.2275390625,0.26357421875,,0.00032184443849620707,24.14394760131836
86,2,0.20703125,0.25634765625,,0.00031795751805908576,23.65470314025879
87,2,0.40234375,0.26162109375,,0.00031405277694064305,23.52096939086914
88,2,0.271484375,0.26396484375,,0.00031013123909156344,19.64491081237793
89,2,0.251953125,0.25478515625,,0.0003061939328671824,20.64459800720215
90,2,0.24609375,0.25302734375,,0.0003022418907578188,15.76978874206543
91,2,0.1435546875,0.24248046875,,0.000298276149118022,15.20406436920166
92,2,0.26171875,0.23837890625,,0.0002942977478948057,22.767126083374023
93,2,0.328125,0.25546875,,0.00029030773035493995,25.146072387695312
94,2,0.1953125,0.253515625,,0.0002863071428113726,23.146671295166016
95,2,0.1455078125,0.2453125,,0.0002822970343488516,14.576361656188965
96,2,0.1416015625,0.23876953125,,0.0002782784565488211,12.201615333557129
97,3,0.17578125,0.21611328125,,0.00027425246321366204,20.76893424987793
98,3,0.1455078125,0.203515625,,0.00027022011009035106,20.89686393737793
99,3,0.126953125,0.191015625,,0.00026618245459360897,17.141389846801758
100,3,0.1318359375,0.17958984375,0.167724609375,0.0002621405555286121,12.762937545776367
101,3,0.16796875,0.18203125,,0.000258095472813339,24.147424697875977
102,3,0.0859375,0.164453125,,0.0002540482672006254,21.140361785888672
103,3,0.1240234375,0.14404296875,,0.00025,21.898967742919922
104,3,0.203125,0.14482421875,,0.0002459517327993746,26.022838592529297
105,3,0.171875,0.1474609375,,0.00024190452718666109,20.77136993408203
106,3,0.3671875,0.17001953125,,0.000237859444471388,23.150794982910156
107,3,0.240234375,0.17646484375,,0.00023381754540639107,18.517066955566406
108,3,0.263671875,0.18828125,,0.00022977988990964898,18.891679763793945
109,3,0.115234375,0.187109375,,0.000225747536786338,22.395105361938477
110,3,0.2431640625,0.1982421875,,0.00022172154345117894,25.89861488342285
111,3,0.25390625,0.2068359375,,0.00021770296565114846,18.140851974487305
112,3,0.1513671875,0.21337890625,,0.0002136928571886275,19.143686294555664
113,3,0.150390625,0.216015625,,0.00020969226964506006,19.638734817504883
114,3,0.2275390625,0.21845703125,,0.00020570225210519432,22.771699905395508
115,3,0.345703125,0.23583984375,,0.00020172385088197803,25.52286720275879
116,3,0.2578125,0.22490234375,,0.00019775810924218125,23.771066665649414
117,3,0.2021484375,0.22109375,,0.00019380606713281773,17.265161514282227
118,3,0.1484375,0.2095703125,,0.00018986876090843667,22.76531219482422
119,3,0.18359375,0.21640625,,0.0001859472230593569,25.148805618286133
120,3,0.279296875,0.22001953125,0.5550130208333334,0.00018204248194091428,25.522998809814453
121,3,0.51171875,0.24580078125,,0.00017815556150379297,23.774269104003906
122,3,0.51953125,0.2826171875,,0.00017428748102551236,24.773361206054688
123,3,0.361328125,0.3037109375,,0.0001704392548431391,19.892044067382812
124,3,0.279296875,0.30888671875,,0.0001666118920872949,26.01679801940918
125,3,0.32421875,0.30673828125,,0.00016280639641752943,26.15272331237793
126,3,0.361328125,0.31708984375,,0.00015902376575912814,26.149085998535156
127,3,0.263671875,0.3232421875,,0.0001552649920414233,21.270872116088867
128,3,0.25390625,0.3337890625,,0.00015153106093767827,22.77123260498047
129,3,0.125,0.3279296875,,0.000147822951606611,24.521446228027344
130,3,0.232421875,0.3232421875,,0.00014414163643562756,23.897945404052734
131,3,0.2060546875,0.29267578125,,0.00014048808078582942,24.394874572753906
132,3,0.1376953125,0.2544921875,,0.0001368632427388653,22.774335861206055
133,3,0.154296875,0.2337890625,,0.00013326807284568985,19.266740798950195
134,3,0.26171875,0.23203125,,0.00012970351387729873,26.146154403686523
135,3,0.2275390625,0.22236328125,,0.00012617050057750322,23.647811889648438
136,3,0.2578125,0.21201171875,,0.00012266995941780933,25.904409408569336
137,3,0.169921875,0.20263671875,,0.00011920280835446748,15.391792297363281
138,3,0.06591796875,0.183837890625,,0.00011576995658775405,19.76655387878418
139,3,0.1455078125,0.185888671875,,0.00011237230432354911,16.01554298400879
140,3,0.087890625,0.171435546875,0.09944661458333333,0.00010901074253727336,17.89126205444336
141,3,0.154296875,0.166259765625,,0.0001056861527402452,22.272296905517578
142,3,0.06689453125,0.1591796875,,0.00010239940674851941,18.514545440673828
143,3,0.08984375,0.152734375,,9.915136645426884e-05,12.516530990600586
144,3,0.1298828125,0.13955078125,,9.594288359976817e-05,26.020448684692383
145,4,0.142578125,0.1310546875,,9.277479955403887e-05,25.146286010742188
146,4,0.1279296875,0.11806640625,,8.964794509221508e-05,25.64479637145996
147,4,0.107421875,0.11181640625,,8.656314017768693e-05,18.516206741333008
148,4,0.078125,0.113037109375,,8.352119374707978e-05,17.14002227783203
149,4,0.059326171875,0.1044189453125,,8.052290349812419e-05,12.574716567993164
150,4,0.056640625,0.1012939453125,,7.756905568047393e-05,18.266895294189453
151,4,0.064453125,0.0923095703125,,7.466042488952521e-05,23.640769958496094
152,4,0.08154296875,0.0937744140625,,7.179777386329276e-05,25.89423370361328
153,4,0.076171875,0.0924072265625,,6.898185328239467e-05,23.642675399780273
154,4,0.099609375,0.0893798828125,,6.621340157319997e-05,24.398792266845703
155,4,0.08349609375,0.0834716796875,,6.349314471418849e-05,20.645231246948242
156,4,0.0791015625,0.0785888671875,,6.082179604557617e-05,21.770444869995117
157,4,0.08056640625,0.0759033203125,,5.820005608225346e-05,24.648286819458008
158,4,0.07373046875,0.0754638671875,,5.562861233008773e-05,20.01869773864746
159,4,0.05517578125,0.075048828125,,5.310813910563644e-05,15.266255378723145
160,4,0.047119140625,0.0740966796875,0.08341471354166667,5.063929735931985e-05,18.140579223632812
161,4,0.055419921875,0.073193359375,,4.822273450209766e-05,16.767059326171875
162,4,0.048583984375,0.0698974609375,,4.585908423569724e-05,16.88892936706543
163,4,0.05078125,0.0673583984375,,4.3548966386435905e-05,16.264080047607422
164,4,0.06884765625,0.0642822265625,,4.129298674268226e-05,16.159381866455078
165,4,0.0400390625,0.0599365234375,,3.90917368959989e-05,19.388874053955078
166,4,0.03857421875,0.0558837890625,,3.69457940860077e-05,17.139461517333984
167,4,0.03662109375,0.0514892578125,,3.485572104901869e-05,13.262123107910156
168,4,0.029052734375,0.047021484375,,3.2822065870462214e-05,11.1982421875
169,4,0.076171875,0.04912109375,,3.08453618411631e-05,23.02655029296875
170,4,0.0625,0.0506591796875,,2.892612731749414e-05,15.329197883605957
171,4,0.05712890625,0.050830078125,,2.7064865585446435e-05,17.76831817626953
172,4,0.04931640625,0.0509033203125,,2.5262064728651197e-05,17.38894271850586
173,4,0.03564453125,0.0493896484375,,2.3518197500388278e-05,16.639373779296875
174,4,0.034423828125,0.045947265625,,2.183372119961499e-05,19.269210815429688
175,4,0.03125,0.045068359375,,2.0209077551046977e-05,13.824224472045898
176,4,0.047119140625,0.0459228515625,,1.864469258932397e-05,13.574649810791016
177,4,0.045654296875,0.046826171875,,1.714097654728944e-05,23.521316528320312
178,4,0.02978515625,0.0468994140625,,1.5698323748414122e-05,20.38972282409668
179,4,0.037353515625,0.043017578125,,1.4317112503391433e-05,10.448651313781738
180,4,0.032958984375,0.0400634765625,0.05633544921875,1.2997705010932393e-05,17.13946533203125
181,4,0.03271484375,0.0376220703125,,1.1740447262784781e-05,16.139137268066406
182,4,0.0283203125,0.0355224609375,,1.054566895300324e-05,15.636836051940918
183,4,0.0194091796875,0.03389892578125,,9.413683391492456e-06,13.886641502380371
184,4,0.0286865234375,0.0333251953125,,8.344787421847217e-06,21.392637252807617
185,4,0.0260009765625,0.03280029296875,,7.339261343510206e-06,15.198617935180664
186,4,0.0205078125,0.03013916015625,,6.3973688382684965e-06,8.009148597717285
187,4,0.0177001953125,0.02734375,,5.519356901107358e-06,10.759506225585938
188,4,0.0308837890625,0.02745361328125,,4.705455775440237e-06,21.518152236938477
189,4,0.025146484375,0.02623291015625,,3.955878892731441e-06,15.824050903320312
190,4,0.021240234375,0.02506103515625,,3.2708228165273244e-06,18.01300048828125
191,4,0.032470703125,0.02503662109375,,2.650467190910999e-06,17.264169692993164
192,4,0.017822265625,0.02398681640625,,2.094974693393731e-06,11.134241104125977
193,5,0.0311279296875,0.02515869140625,,1.6044909922555973e-06,8.384718894958496
194,5,0.030517578125,0.025341796875,,1.1791447083465134e-06,18.639904022216797
195,5,0.0223388671875,0.0249755859375,,8.190473813576571e-07,13.823606491088867
196,5,0.01409912109375,0.024334716796875,,5.242934405720879e-07,14.074165344238281
197,5,0.0286865234375,0.025433349609375,,2.949601801023327e-07,14.011187553405762
198,5,0.0162353515625,0.023968505859375,,1.3110773862126668e-07,8.133444786071777
199,5,0.029541015625,0.024407958984375,,3.277908359194948e-08,19.391714096069336
200,5,0.019287109375,0.024212646484375,0.05474853515625,0.0,18.513212203979492
